Country (or dependent territory),1990,1991,1992,1993,1994,1995,1996,1997,1998,1999,2000,2001,2002,2003,2004,2005,2006,2007,2008,2009,2010,2011,2012,2013,2014,2015,2016,2017,2018,2019,2020,2021,2022,2023,2024,2025,2026,2027,2028,2029
Afghanistan,,,,,,,,,,,,,208,201,218,253,272,330,390,441,544,612,666,639,630,594,520,530,500,500,517,356,352,411,, , , , , 
Albania,676,408,260,453,736,904,"1,010",707,817,"1,038","1,129","1,283","1,428","1,830","2,371","2,674","2,973","3,595","4,371","4,114","4,098","4,440","4,249","4,416","4,585","3,954","4,124","4,543","5,288","5,395","5,353","6,396","6,870","8,299","9,598","10,386","11,211","11,938","12,714","13,543"
Algeria,"2,684","1,975","2,033","2,057","1,675","1,627","1,783","1,800","1,772","1,769","1,948","1,919","1,958","2,305","2,840","3,258","3,691","4,208","5,215","4,262","4,941","5,946","6,058","5,998","6,109","4,692","4,427","4,554","4,568","4,453","3,758","4,170","4,982","5,222","5,579","5,593","5,646","5,681","5,706","5,734"
Andorra,,,,,,,,,,,,,,,,,,,,,"49,030","51,957","45,714","45,630","46,299","38,877","39,595","40,018","42,230","40,688","36,974","41,807","41,379","43,810","45,279","45,995","46,819","47,330","47,873","48,458"
Angola,"1,397","1,310",978,688,485,586,731,830,681,623,771,731,988,"1,122","1,438","2,128","2,909","3,493","4,554","3,630","4,089","5,175","5,700","5,881","6,062","4,681","3,936","4,629","3,651","2,926","1,990","2,445","3,975","2,967","2,961","2,991","3,030","3,141","3,222","3,316"
Antigua and Barbuda,"7,942","8,300","8,503","8,956","9,647","9,257","9,930","10,443","10,932","11,286","11,913","11,413","11,562","12,089","12,957","14,295","16,122","18,196","18,842","16,580","15,342","15,016","15,693","15,020","15,393","15,809","16,131","16,328","17,451","17,851","14,382","16,089","18,498","19,985","22,118","23,216","24,022","24,861","25,711","26,592"
Argentina,"4,858","6,429","7,654","7,796","8,379","8,295","8,645","9,197","9,283","8,709","8,639","8,085","2,998","3,761","4,314","5,164","5,976","7,316","9,147","8,338","10,413","12,788","13,890","14,489","13,209","14,895","12,773","14,618","11,786","9,942","8,489","10,610","13,676","13,823","12,814","12,054","12,706","13,330","13,914","14,402"
Armenia,,,31,248,197,400,504,522,608,597,621,692,779,923,"1,180","1,628","2,128","3,079","3,913","2,912","3,122","3,417","3,576","3,732","3,889","3,529","3,524","3,869","4,196","4,597","4,269","4,685","6,661","8,126","8,518","8,965","9,247","9,760","10,430","11,196"
Aruba,,,,,,"16,547","16,621","17,751","18,825","19,215","20,681","20,740","21,307","21,949","23,701","24,172","24,846","26,737","28,172","25,135","24,093","25,712","25,120","25,814","26,130","27,458","27,442","28,440","30,082","31,096","23,566","28,813","33,032","36,744","39,697","41,493","43,028","44,591","46,219","47,920"
Australia,"18,878","18,667","18,112","17,455","19,749","20,926","23,172","23,033","20,394","21,776","20,913","19,502","21,702","27,295","32,863","36,257","37,981","45,208","49,199","45,772","56,588","67,293","68,489","65,248","61,647","51,469","51,821","55,845","56,441","54,391","53,250","64,352","65,514","64,547","65,966","67,979","70,112","71,944","74,039","76,409"
Austria,"21,827","22,622","25,068","24,153","25,726","30,351","29,821","26,737","27,399","27,210","24,636","24,559","26,508","32,299","36,884","38,451","40,675","46,923","51,914","48,112","46,955","51,452","48,617","50,747","51,814","44,268","45,279","47,321","51,234","50,192","48,837","53,696","52,501","56,856","58,669","61,080","63,678","65,804","67,671","69,518"
Azerbaijan,,,160,175,297,316,411,553,543,576,656,675,761,880,"1,040","1,567","2,453","3,814","5,564","4,965","5,881","7,239","7,546","7,927","7,939","5,525","3,898","4,218","4,760","4,841","4,280","5,468","7,831","7,145","7,381","7,428","7,661","7,921","8,225","8,567"
Bahamas,"20,460","19,768","19,417","18,979","19,661","20,271","20,975","21,952","23,301","25,780","26,601","26,971","28,358","27,896","28,057","30,031","30,595","31,499","30,788","28,793","28,725","28,366","29,895","28,700","29,991","31,574","31,448","32,427","33,085","33,778","25,573","28,829","32,897","35,517","36,322","37,180","38,097","39,009","40,001","41,043"
Bahrain,"10,612","10,688","10,985","11,770","12,278","12,659","12,821","12,950","12,057","12,729","14,819","14,485","14,075","15,102","16,642","18,730","20,086","21,797","24,223","20,292","21,713","25,033","26,439","26,990","26,452","23,734","23,800","24,785","26,324","27,260","24,343","27,140","30,533","29,219","29,573","29,886","30,423","30,998","31,633","32,352"
Bangladesh,398,402,401,396,412,450,471,479,488,491,483,481,491,532,563,572,610,669,761,841,936,"1,032","1,058","1,176","1,340","1,496","1,679","1,840","1,992","2,154","2,270","2,498","2,731","2,652","2,625","2,773","3,082","3,343","3,640","3,990"
Barbados,"8,002","8,008","7,686","8,120","8,437","8,863","9,457","9,990","11,408","11,938","12,272","12,215","12,390","12,778","13,745","15,374","17,097","19,096","19,477","18,183","18,377","18,894","18,583","18,894","18,935","18,606","18,705","19,310","19,655","20,156","17,952","18,277","21,625","23,167","24,759","26,228","27,505","28,801","30,123","31,527"
Belarus,,,"1,253","1,114","1,534","1,035","1,429","1,396","1,515","1,211","1,080","1,287","1,530","1,880","2,459","3,232","3,979","4,897","6,591","5,351","6,033","6,486","6,951","7,995","8,333","5,954","5,038","5,785","6,358","6,838","6,537","7,332","7,893","7,822","8,008","8,460","8,878","9,308","9,796","10,265"
Belgium,"20,120","20,564","22,823","21,724","23,624","28,458","27,535","24,879","25,399","25,309","23,137","23,067","25,044","30,708","35,498","36,945","38,842","44,497","48,493","44,892","44,448","47,564","44,824","46,849","47,897","41,147","42,076","44,274","47,685","46,783","45,615","52,040","50,275","53,854","56,129","58,248","60,002","61,453","62,981","64,690"
Belize,"2,820","2,982","3,374","3,543","3,556","3,678","3,730","3,675","3,738","3,908","4,334","4,410","4,564","4,705","4,908","5,031","5,443","5,687","5,645","5,337","5,393","5,539","5,684","5,918","6,086","6,153","6,153","6,104","6,053","6,181","5,211","6,071","7,121","7,592","8,133","8,355","8,530","8,691","8,850","9,006"
Benin,563,558,602,561,376,495,524,489,511,542,503,508,564,698,784,806,837,945,"1,099","1,061","1,010","1,099","1,113","1,214","1,252","1,042","1,050","1,095","1,194","1,171","1,240","1,362","1,306","1,433","1,510","1,587","1,668","1,752","1,837","1,922"
Bhutan,553,479,476,506,520,612,638,704,754,769,815,825,874,"1,023","1,142","1,311","1,379","1,666","2,079","1,934","2,265","2,728","2,825","2,842","2,760","2,980","3,071","3,344","3,607","3,547","3,469","3,486","3,775","3,790","4,068","4,495","4,931","5,342","5,798","6,368"
Bolivia,723,777,804,794,805,886,957,"1,006","1,058","1,011",995,949,905,908,969,"1,037","1,227","1,384","1,729","1,769","1,973","2,369","2,636","2,938","3,115","3,069","3,111","3,389","3,588","3,591","3,173","3,449","3,706","3,748","3,920","4,121","4,310","4,512","4,722","4,941"
Bosnia and Herzegovina,,,,,,,952,"1,225","1,415","1,541","1,481","1,540","1,785","2,254","2,699","2,904","3,307","4,073","4,985","4,711","4,634","5,090","4,773","5,142","5,253","4,663","4,875","5,230","5,859","5,867","5,800","6,800","7,064","7,810","8,221","8,668","9,167","9,645","10,178","10,827"
Botswana,"2,797","2,719","2,730","2,674","2,802","3,085","3,088","3,072","2,886","3,189","3,290","3,099","3,006","4,088","4,744","5,195","5,143","5,372","5,346","4,938","6,042","7,081","6,393","6,437","6,844","5,870","6,412","6,705","6,948","6,679","5,863","7,244","7,726","7,250","7,341","8,003","8,602","9,146","9,726","10,437"
Brazil,"3,106","2,678","2,524","2,787","3,495","4,852","5,205","5,321","5,124","3,501","3,752","3,164","2,844","3,078","3,648","4,806","5,906","7,374","8,863","8,641","11,341","13,326","12,465","12,407","12,231","8,893","8,813","10,056","9,282","9,011","7,057","7,952","9,256","10,268","10,296","10,816","11,423","11,977","12,583","13,222"
Brunei,"19,429","20,171","20,680","20,430","21,350","24,896","24,461","23,344","17,295","18,237","20,473","18,646","19,038","20,976","24,760","29,460","34,869","36,678","42,530","31,287","35,437","47,092","47,776","44,865","41,947","31,354","27,322","28,443","31,074","29,865","27,175","31,781","37,453","33,577","34,872","37,023","38,659","39,999","41,653","43,628"
Bulgaria,"3,407",337,"1,381",758,"1,349","2,285","1,495","1,386","1,854","1,689","1,625","1,797","2,091","2,711","3,370","3,870","4,477","5,815","7,162","6,878","6,754","7,872","7,454","7,704","7,925","7,096","7,594","8,410","9,485","9,910","10,166","12,297","14,024","15,765","17,069","18,456","19,623","20,789","21,944","23,220"
Burkina Faso,382,376,393,366,214,258,274,253,282,294,249,260,287,364,405,443,457,517,622,603,628,727,734,762,768,632,666,711,780,765,824,888,830,867,908,952,997,"1,038","1,083","1,130"
Burundi,207,208,187,163,157,167,143,157,142,133,130,127,116,108,122,149,165,170,196,209,232,247,250,255,273,304,281,292,271,261,260,274,311,327,321,156,168,179,191,200
Cape Verde,"1,224","1,285","1,356","1,190","1,247","1,541","1,611","1,569","1,632","1,709","1,690","1,875","2,015","2,524","2,839","3,091","3,174","3,565","4,190","3,919","3,819","4,259","3,958","4,175","4,178","3,561","3,760","3,966","4,166","4,466","3,649","4,072","4,558","5,083","5,388","5,712","6,080","6,440","6,817","7,221"
Cambodia,103,222,260,250,273,329,327,314,277,304,313,345,369,407,466,550,640,764,903,913,992,"1,133","1,241","1,357","1,486","1,607","1,736","1,888","2,097","2,281","2,136","2,218","2,365","2,546","2,744","2,948","3,181","3,428","3,692","3,974"
Cameroon,"1,255","1,358","1,208","1,223",808,746,808,795,772,766,660,687,756,949,"1,089","1,102","1,147","1,278","1,439","1,410","1,353","1,465","1,404","1,528","1,605","1,383","1,413","1,469","1,586","1,533","1,539","1,654","1,592","1,723","1,821","1,923","2,018","2,107","2,208","2,316"
Canada,"21,572","21,886","20,985","20,210","20,025","20,707","21,326","21,930","21,047","22,341","24,297","23,860","24,280","28,340","32,178","36,441","40,559","44,717","46,774","40,989","47,626","52,286","52,745","52,711","51,025","43,628","42,382","45,192","46,618","46,431","43,573","52,521","55,613","53,607","53,834","55,890","58,264","60,561","62,694","64,674"
Central African Republic,547,506,488,415,263,334,291,277,285,279,226,229,245,290,312,329,351,393,446,455,476,533,545,364,410,366,387,432,467,461,475,506,483,511,529,549,573,593,613,634
Chad,417,400,404,342,268,318,342,317,346,294,256,304,341,451,700,901,980,"1,109","1,283","1,124","1,196","1,314","1,265","1,280","1,333","1,028",920,889,991,935,890,942,934,982,"1,013","1,036","1,071","1,097","1,128","1,160"
Chile,"2,522","2,850","3,392","3,572","4,059","5,154","5,387","5,799","5,476","4,986","5,100","4,608","4,480","4,825","6,184","7,558","9,410","10,447","10,760","10,177","12,723","14,560","15,316","15,740","14,583","13,494","13,723","15,004","15,755","14,552","13,057","16,038","15,239","16,815","16,365","17,927","18,657","19,382","20,126","20,928"
China,347,357,420,521,469,604,703,775,821,865,951,"1,045","1,141","1,282","1,500","1,751","2,095","2,691","3,447","3,813","4,500","5,553","6,283","7,040","7,646","8,034","8,063","8,760","9,849","10,170","10,525","12,572","12,643","12,597","12,969","13,873","14,793","15,692","16,617","17,546"
Colombia,"1,691","1,712","1,987","2,209","2,727","3,035","3,137","3,399","3,091","2,674","2,535","2,461","2,424","2,314","2,827","3,494","3,837","4,834","5,622","5,331","6,499","7,518","8,237","8,410","8,312","6,337","6,037","6,577","6,924","6,540","5,363","6,231","6,682","6,963","7,917","7,895","8,234","8,592","8,988","9,395"
Comoros,931,906,964,923,665,812,794,718,705,707,633,681,764,959,"1,071","1,107","1,139","1,290","1,454","1,408","1,385","1,527","1,485","1,596","1,609","1,323","1,357","1,414","1,519","1,502","1,511","1,549","1,440","1,541","1,630","1,687","1,760","1,828","1,895","1,964"
Democratic Republic of the Congo,"1,192","1,121",973,"1,222",640,602,751,643,461,410,397,147,171,172,189,227,266,311,367,292,339,388,428,481,512,520,477,479,564,579,546,614,679,670,702,744,768,793,811,830
Republic of the Congo,"1,220","1,238","1,301","1,158",775,896,"1,008",893,763,877,"1,156",934,"1,000","1,128","1,440","1,812","2,117","2,220","2,848","2,281","2,965","3,414","3,756","3,720","3,623","2,348","2,107","2,227","2,716","2,509","2,014","2,294","2,339","2,309","2,384","2,454","2,522","2,588","2,671","2,782"
Costa Rica,"1,881","2,305","2,684","2,927","3,110","3,337","3,278","3,451","3,653","3,715","3,941","4,042","4,123","4,228","4,484","4,756","5,309","6,194","6,994","6,879","8,269","9,271","10,107","10,765","10,854","11,635","11,987","12,185","12,429","12,691","12,164","12,539","13,240","16,390","17,860","18,722","19,678","20,667","21,705","22,771"
Ivory Coast,"1,349","1,260","1,289","1,162",849,"1,092","1,171","1,092","1,134","1,083",913,926,997,"1,199","1,260","1,262","1,279","1,422","1,650","1,608","1,598","1,603","1,624","1,843","2,026","1,846","1,896","2,000","2,167","2,174","2,209","2,478","2,326","2,537","2,720","2,902","3,072","3,268","3,449","3,632"
Croatia,,,120,"1,591","3,683","4,638","4,917","4,832","5,324","5,179","5,053","5,363","6,215","8,192","9,718","10,452","11,506","13,765","15,897","14,408","13,710","14,659","13,460","14,002","14,041","12,135","12,632","13,649","15,139","15,220","14,372","17,956","18,687","21,521","23,380","25,081","26,568","27,874","29,264","30,740"
Cyprus,"10,360","10,414","12,159","11,342","12,525","15,397","15,261","14,324","15,182","15,380","14,465","14,905","16,188","20,389","23,970","25,527","27,449","31,774","36,010","32,650","31,522","32,911","29,075","27,671","27,077","23,508","24,803","26,835","29,632","29,626","28,386","32,926","32,357","35,016","37,767","40,552","42,499","44,364","46,289","48,403"
Czech Republic,,,,,,"5,861","6,569","6,066","6,521","6,374","6,049","6,659","8,097","9,857","11,785","13,459","15,282","18,514","22,896","19,864","20,184","22,069","20,024","20,257","20,063","17,945","18,732","20,882","23,662","24,013","23,464","27,668","27,876","31,630","31,366","33,038","34,712","36,202","37,770","39,436"
Denmark,"26,915","27,044","29,632","27,624","30,023","35,441","35,704","32,841","33,405","33,478","30,777","30,823","33,304","40,572","46,685","48,998","52,214","58,786","64,827","58,537","58,240","61,920","58,560","61,512","62,701","53,317","54,699","57,684","61,457","59,490","61,076","69,927","68,435","68,619","69,273","71,967","74,303","76,593","78,892","81,575"
Djibouti,,"1,070","1,092","1,058","1,110","1,109","1,078","1,068","1,062","1,085","1,088","1,107","1,121","1,160","1,213","1,271","1,359","1,478","1,692","1,722","1,837","2,039","2,190","2,315","2,471","2,653","2,804","2,926","3,038","3,173","3,224","3,378","3,667","3,895","4,155","4,417","4,717","5,018","5,347","5,639"
Dominica,"2,820","3,087","3,288","3,449","3,713","3,855","4,104","4,254","4,527","4,658","4,681","4,775","4,680","4,826","5,165","5,127","5,497","5,940","6,463","6,904","6,981","7,160","6,995","7,153","7,389","7,596","8,089","7,507","7,981","8,466","6,872","7,530","8,193","8,781","9,392","9,942","10,420","10,883","11,348","11,796"
Dominican Republic,"1,123","1,365","1,574","1,742","1,916","2,141","2,310","2,495","2,659","2,675","2,894","3,007","3,158","2,461","2,541","4,008","4,189","4,803","5,195","5,151","5,689","6,063","6,275","6,414","6,806","7,140","7,521","7,875","8,341","8,595","7,554","8,966","10,721","11,372","11,692","12,452","13,249","14,087","14,978","15,918"
Ecuador,"1,127","1,236","1,322","1,511","1,786","1,903","1,957","2,165","2,170","1,536","1,405","1,824","2,097","2,358","2,633","2,961","3,298","3,534","4,258","4,111","4,579","5,210","5,682","6,144","6,422","5,975","5,908","6,221","6,293","6,199","5,470","6,099","6,581","6,664","6,758","6,941","7,108","7,332","7,570","7,819"
Egypt,"1,871",924,825,897,969,"1,098","1,209","1,327","1,455","1,518","1,637","1,566","1,355","1,252","1,196","1,331","1,564","1,862","2,271","2,579","2,923","3,077","3,569","3,584","3,705","3,934","3,862","2,593","2,710","3,214","3,802","4,146","4,587","3,744","3,542","3,160","3,469","3,786","4,132","4,503"
El Salvador,892,959,"1,047","1,186","1,349","1,552","1,654","1,750","1,858","1,905","1,978","2,051","2,107","2,198","2,274","2,434","2,651","2,815","2,964","2,890","3,017","3,305","3,471","3,555","3,639","3,761","3,870","3,986","4,146","4,280","3,960","4,600","5,048","5,344","5,607","5,893","6,138","6,394","6,665","6,950"
Equatorial Guinea,312,299,352,343,246,334,527,965,777,"1,251","1,886","2,617","3,106","5,374","8,188","10,816","12,744","15,785","22,832","16,579","17,167","21,476","21,570","20,253","19,276","11,219","9,200","9,621","10,130","8,356","7,046","8,416","9,021","7,755","8,102","7,893","7,952","7,935","7,641","7,822"
Eritrea,,,268,167,195,219,264,271,284,275,239,245,227,259,316,301,321,340,301,416,501,643,694,597,787,603,655,558,581,567,567,, , , , , , , , 
Estonia,,,,"1,194","1,711","2,721","3,380","3,687","4,096","4,151","4,085","4,520","5,360","7,218","8,925","10,429","12,659","16,766","18,274","14,757","14,697","17,552","17,579","19,311","20,575","17,724","18,661","20,844","23,629","24,024","23,911","27,967","28,469","30,138","31,531","33,225","34,931","36,444","38,087","39,864"
Eswatini,"1,558","1,575","1,703","1,747","1,851","2,160","2,005","2,105","1,914","1,861","1,819","1,599","1,474","2,236","2,797","3,175","3,262","3,402","3,214","3,480","4,264","4,603","4,628","4,326","4,134","3,766","3,514","4,031","4,227","4,032","3,535","4,259","4,162","4,174","4,375","4,562","4,726","4,866","5,015","5,155"
Ethiopia,285,304,310,187,161,151,163,156,137,129,136,132,124,133,152,181,219,267,351,373,341,378,511,549,623,708,791,823,840,949,969,974,"1,143","1,511","1,350","1,108","1,248","1,402","1,566","1,734"
Fiji,"1,959","2,012","2,209","2,340","2,591","2,780","2,976","2,900","2,270","2,639","2,275","2,234","2,463","3,073","3,597","3,940","4,051","4,405","4,554","3,682","4,011","4,803","5,022","5,277","5,622","5,397","5,658","6,050","6,270","6,079","4,920","4,750","5,450","5,933","6,257","6,551","6,870","7,203","7,550","7,905"
Finland,"28,491","25,651","22,497","17,641","20,406","26,322","25,806","24,750","26,065","26,236","24,370","24,999","27,000","32,954","37,812","39,142","41,300","48,587","53,895","47,539","46,648","51,175","47,694","49,804","50,181","42,625","43,503","46,110","49,698","48,396","48,827","53,204","50,550","53,131","54,774","57,183","59,579","61,737","64,036","66,399"
France,"22,286","22,224","24,384","22,936","24,120","27,639","27,604","24,968","25,712","25,444","23,133","23,122","24,987","30,525","34,854","35,978","37,752","42,983","47,099","43,178","42,195","45,503","42,362","44,211","44,699","37,989","38,309","40,037","42,916","41,831","40,537","45,316","42,581","46,305","48,012","49,527","51,113","52,503","54,032","55,576"
Gabon,"6,816","5,993","6,016","5,678","4,294","4,957","5,553","5,068","4,162","4,223","4,477","4,066","4,210","5,016","5,838","6,943","7,271","8,652","10,418","7,857","8,933","10,893","9,903","9,761","9,747","7,453","7,082","7,370","8,199","8,111","7,289","9,114","9,478","9,079","9,257","9,094","9,128","9,168","9,231","9,309"
Gambia,791,802,831,840,804,815,826,819,815,811,766,737,632,581,643,666,662,780,925,833,861,763,743,701,607,650,684,677,729,769,748,821,842,893,989,"1,074","1,121","1,151","1,185","1,239"
Georgia,,,,,173,413,688,818,870,690,764,820,875,"1,035","1,338","1,683","2,052","2,700","3,420","2,891","3,270","4,101","4,518","4,711","4,834","4,090","4,142","4,420","4,801","4,739","4,308","5,055","6,774","8,173","8,883","9,613","10,342","11,129","11,872","12,734"
Germany,"20,323","23,539","26,660","25,697","27,360","31,919","30,779","27,254","27,636","27,217","24,158","24,122","25,753","31,074","35,001","35,593","37,530","43,022","47,154","43,189","43,233","47,638","44,764","47,220","48,983","41,915","42,949","45,511","48,897","47,629","47,342","52,301","49,725","53,565","55,521","57,914","60,136","61,859","63,569","65,324"
Ghana,"1,046","1,143","1,103",881,794,919,950,946,"1,003","1,012",607,631,714,860,973,"1,151","1,320","1,521","1,688","1,478","1,757","2,132","2,198","2,406","2,009","1,784","1,982","2,087","2,276","2,266","2,274","2,535","2,305","2,322","2,232","2,189","2,284","2,385","2,486","2,588"
Greece,"9,679","10,283","11,234","10,452","11,123","12,997","13,777","13,484","13,527","13,902","12,268","12,579","14,185","18,535","22,015","22,608","24,859","28,900","32,174","29,829","26,743","25,437","21,845","21,712","21,554","18,024","17,906","18,552","19,751","19,141","17,570","20,116","20,818","22,880","24,342","25,616","26,688","27,614","28,581","29,587"
Grenada,"2,887","3,118","3,192","3,154","3,273","3,412","3,633","3,861","4,371","4,706","5,057","5,046","5,192","5,641","5,722","6,658","6,673","7,227","7,844","7,333","7,340","7,300","7,434","7,760","8,334","9,056","9,572","10,099","10,419","10,779","9,223","9,869","10,763","11,516","12,050","12,722","13,329","13,882","14,460","15,071"
Guatemala,833,987,"1,062","1,128","1,243","1,366","1,423","1,574","1,671","1,540","1,564","1,662","1,805","1,860","1,969","2,176","2,369","2,599","2,929","2,714","2,910","3,265","3,376","3,522","3,778","3,994","4,172","4,452","4,486","4,647","4,610","5,054","5,509","5,933","6,295","6,682","7,107","7,566","8,054","8,574"
Guinea,616,660,679,639,626,656,657,628,592,558,462,428,445,517,534,471,426,629,675,637,631,607,645,713,729,712,680,796,892,987,"1,009","1,140","1,335","1,529","1,652","1,727","1,798","1,873","1,953","2,035"
Guinea-Bissau,572,787,844,637,344,726,676,628,518,496,328,338,375,435,448,482,468,543,672,614,644,775,688,712,713,708,748,864,895,837,839,928,908,"1,035","1,106","1,166","1,238","1,307","1,375","1,449"
Guyana,951,"1,037","1,146","1,393","1,627","1,832","2,049","2,162","2,036","2,011","2,017","2,024","2,093","2,144","2,233","2,306","2,552","2,982","3,330","3,457","3,837","4,403","5,360","5,477","5,403","5,580","5,797","6,104","6,121","6,594","6,953","9,707","18,353","21,472","28,921","30,650","35,405","36,586","37,903","39,347"
Haiti,240,212,125,147,397,618,626,707,774,848,794,721,684,541,660,773,795,992,"1,074","1,169","1,175","1,269","1,316","1,409","1,409","1,359","1,263","1,337","1,442","1,277","1,235","1,765","1,643","1,603","2,120","2,435","2,603","2,645","2,725","2,827"
Honduras,993,912,943,920,837,948,888,949,"1,023","1,003","1,081","1,121","1,122","1,145","1,204","1,297","1,420","1,572","1,728","1,777","1,891","2,074","2,129","2,088","2,190","2,286","2,325","2,436","2,490","2,529","2,333","2,763","3,034","3,268","3,446","3,594","3,726","3,873","4,028","4,192"
Hong Kong,"13,374","15,298","17,711","20,066","22,194","23,071","24,699","27,215","25,649","24,969","25,574","25,167","24,731","23,856","24,874","26,552","28,028","30,495","31,488","30,594","32,421","34,955","36,624","38,233","40,185","42,325","43,488","46,026","48,310","48,278","46,446","49,849","48,000","50,587","53,165","55,608","57,903","60,498","63,060","65,777"
Hungary,"3,312","3,350","3,733","3,871","4,171","4,491","4,521","4,591","4,738","4,786","4,619","5,270","6,645","8,409","10,292","11,211","11,483","13,927","15,762","13,066","13,199","14,214","12,970","13,693","14,279","12,700","13,083","14,606","16,421","16,782","16,100","18,715","18,349","22,132","23,881","25,703","27,351","29,000","30,832","32,750"
Iceland,"25,629","27,160","27,357","23,726","24,118","26,682","27,714","28,049","31,220","32,578","32,344","29,061","32,516","39,620","47,580","57,406","58,239","70,375","57,296","41,189","43,293","48,812","47,102","51,059","55,886","54,229","63,776","74,369","76,745","70,625","61,094","72,078","78,840","83,485","85,787","90,111","94,821","99,926","105,295","110,946"
India,369,304,318,302,346,374,400,415,413,441,442,450,469,544,624,711,802,"1,023",994,"1,097","1,351","1,450","1,434","1,438","1,560","1,590","1,714","1,958","1,974","2,050","1,916","2,250","2,366","2,497","2,698","2,937","3,210","3,510","3,837","4,195"
Indonesia,771,848,908,"1,013","1,116","1,254","1,394","1,308",572,830,870,834,"1,003","1,186","1,280","1,404","1,766","2,064","2,417","2,469","3,177","3,690","3,740","3,667","3,533","3,373","3,605","3,886","3,946","4,193","3,919","4,351","4,784","4,920","4,981","5,248","5,623","6,015","6,440","6,883"
Iran,"10,661","5,446",891,"1,121","1,368","1,942","2,631","3,019","3,315","4,401","5,777","5,125","2,021","2,353","2,765","3,292","3,864","5,046","5,891","6,017","6,984","8,322","5,548","5,561","5,910","5,172","5,731","6,005","4,055","2,909","2,327","3,442","4,432","4,347","5,013","5,300","5,640","5,965","6,271","6,586"
Iraq,,,,,,,,,,,,,,609,"1,374","1,829","2,321","3,091","4,472","3,702","4,474","5,849","6,693","7,021","6,704","5,045","4,657","5,117","6,038","6,049","4,547","5,117","6,818","5,826","5,947","5,951","6,192","6,417","6,679","6,972"
Ireland,"13,649","13,752","15,336","14,267","15,460","19,092","20,788","22,475","24,210","26,237","26,187","28,121","32,482","40,939","47,388","50,475","53,738","60,770","60,990","51,944","48,636","52,631","49,386","52,544","57,175","64,154","63,934","71,869","80,412","81,506","86,314","103,775","104,729","103,466","103,500","107,243","110,906","114,211","117,573","121,466"
Israel,"13,118","14,012","15,116","14,801","16,471","19,047","20,272","20,523","20,208","19,849","21,718","20,973","19,087","19,672","20,593","21,285","22,559","25,739","30,278","28,522","31,451","34,535","33,335","37,049","38,360","36,228","37,683","41,156","42,380","44,298","44,843","52,586","55,249","52,643","53,111","54,370","56,631","57,991","59,486","61,052"
Italy,"20,537","21,674","22,988","18,470","19,043","20,723","23,136","21,913","22,395","22,075","20,206","20,576","22,474","27,673","31,452","32,148","33,603","37,989","40,969","37,143","35,964","38,476","34,926","35,723","36,023","30,610","31,358","32,797","35,043","33,767","31,957","36,813","35,654","39,012","40,287","41,714","43,020","44,108","45,325","46,636"
Jamaica,"1,972","1,800","1,804","2,249","2,235","2,660","2,975","3,347","3,468","3,473","3,511","3,530","3,710","3,586","3,856","4,241","4,495","4,829","5,134","4,507","4,894","5,333","5,448","5,238","5,106","5,205","5,183","5,413","5,730","5,782","5,073","5,355","6,198","7,032","7,487","7,841","8,102","8,369","8,647","8,934"
Japan,"25,810","29,437","32,008","36,363","39,953","44,210","39,164","35,651","32,437","36,623","39,173","34,411","32,832","35,410","38,307","37,819","36,022","35,847","39,992","41,470","45,136","48,761","49,175","40,935","38,523","35,006","39,411","38,903","39,850","40,548","40,160","40,161","34,158","33,899","32,859","35,611","37,388","38,884","40,809","42,086"
Jordan,"1,203","1,193","1,397","1,378","1,477","1,516","1,531","1,561","1,685","1,700","1,726","1,795","1,890","1,960","2,128","2,313","2,600","2,774","3,415","3,619","3,915","4,152","4,393","4,484","4,262","4,070","4,009","4,079","4,152","4,166","4,004","4,159","4,317","4,488","4,682","4,904","5,140","5,384","5,636","5,895"
Kazakhstan,,,169,305,752,"1,061","1,359","1,459","1,480","1,132","1,229","1,491","1,658","2,068","2,874","3,771","5,292","6,771","8,514","7,165","9,070","11,634","12,387","13,891","12,807","10,511","7,715","9,248","9,813","9,813","9,122","10,374","11,486","13,261","14,570","15,112","15,874","16,784","17,536","18,324"
Kenya,737,675,645,435,506,624,687,678,742,648,617,617,612,668,693,778,855,"1,028","1,119","1,123","1,176","1,179","1,396","1,490","1,613","1,625","1,689","1,805","1,987","2,108","2,068","2,209","2,266","2,110","2,218","2,187","2,185","2,258","2,374","2,502"
Kiribati,505,562,827,781,876,884,"1,032","1,001",919,931,890,755,854,"1,083","1,147","1,231","1,189","1,432","1,519","1,410","1,609","1,878","1,957","1,887","1,845","1,742","1,846","1,960","2,022","1,847","1,874","2,385","2,199","2,231","2,455","2,578","2,672","2,747","2,811","2,879"
South Korea,"6,849","7,913","8,420","9,207","10,756","13,019","13,887","12,865","8,570","11,052","12,717","11,983","13,637","15,211","17,108","20,163","22,597","25,075","22,291","19,933","24,069","26,178","26,601","28,449","30,667","30,172","30,826","33,297","35,364","33,827","33,653","37,518","34,822","35,563","36,132","37,675","39,321","41,031","42,699","44,347"
Kosovo,,,,,,,,,,,"1,506","1,704","1,807","2,206","2,275","2,318","2,400","2,866","3,025","2,878","3,013","3,562","3,397","3,699","3,920","3,554","3,746","3,991","4,390","4,433","4,298","5,309","5,321","5,922","6,334","6,709","7,147","7,552","7,992","8,462"
Kuwait,,,,"15,825","14,767","15,088","16,623","15,330","12,797","14,297","17,639","15,993","16,857","20,585","24,864","35,991","43,618","47,539","53,059","38,156","39,342","47,440","50,784","48,544","43,459","29,195","26,796","28,552","31,369","31,550","25,611","35,205","38,380","33,321","32,290","31,682","31,828","32,164","32,640","33,198"
Kyrgyzstan,,,208,148,246,330,396,379,344,258,281,310,323,383,436,479,547,725,972,877,885,"1,131","1,190","1,295","1,293","1,133","1,132","1,255","1,322","1,467","1,271","1,391","1,806","2,019","2,229","2,405","2,507","2,625","2,727","2,836"
Laos,406,465,518,567,642,727,739,683,254,265,317,318,329,397,460,526,662,787,969,"1,032","1,187","1,397","1,566","1,814","1,983","2,124","2,308","2,437","2,552","2,603","2,529","2,496","2,022","1,971","1,945","1,854","1,704","1,554","1,428","1,314"
Latvia,,,633,"1,022","1,725","2,164","2,420","2,670","2,962","3,141","3,343","3,554","4,121","5,122","6,343","7,570","9,690","14,080","16,435","12,243","11,317","13,371","13,787","14,927","15,686","13,728","14,259","15,626","17,807","17,828","18,013","20,848","21,567","23,176","24,223","25,681","27,203","28,632","30,153","31,773"
Lebanon,779,"1,198","1,461","1,947","2,312","2,771","3,179","3,782","4,082","4,041","3,939","3,955","4,236","4,326","4,625","4,630","4,666","5,162","5,958","7,150","7,695","7,914","8,500","8,255","7,665","7,803","8,173","8,680","9,226","8,808","4,410","3,537","4,467","4,487",, , , , , 
Lesotho,392,452,505,495,512,550,525,551,509,502,493,414,458,671,853,922,917,931,869,"1,011","1,222","1,325","1,261","1,192","1,251","1,105","1,099","1,200","1,215","1,134","1,015","1,163","1,073","1,034","1,062","1,107","1,146","1,187","1,226","1,270"
Liberia,,,,,,,,,,,303,306,312,232,286,293,333,388,464,470,505,583,647,717,709,691,710,706,677,624,600,677,749,808,855,887,919,957,"1,007","1,045"
Libya,"7,424","8,026","7,951","6,998","6,391","7,103","7,609","7,663","6,172","7,294","7,625","6,693","3,956","4,986","6,180","8,739","10,561","11,801","14,763","10,196","12,478","8,132","14,728","12,026","9,168","7,707","7,818","10,414","11,774","10,526","7,058","5,248","6,386","6,422","6,482","6,874","7,138","7,230","7,372","7,529"
Lithuania,,,,,,"1,844","2,326","2,829","3,166","3,112","3,289","3,526","4,142","5,498","6,686","7,860","9,240","12,309","14,987","11,851","12,007","14,397","14,355","15,749","16,580","14,263","15,012","16,867","19,195","19,624","20,349","23,873","25,189","26,998","28,713","30,514","32,218","33,978","35,835","37,813"
Luxembourg,"33,067","35,347","39,061","39,483","43,307","50,705","49,719","44,203","45,637","49,341","48,984","48,719","53,228","66,161","77,031","81,728","91,478","108,344","121,616","110,249","112,049","120,526","113,954","121,423","125,200","106,710","107,948","111,212","117,993","113,860","117,616","134,925","126,598","129,810","135,321","141,080","145,410","148,488","151,723","155,204"
Macau,,,,,,,,,,,,"15,724","16,734","18,462","23,006","25,110","28,970","34,269","38,286","39,822","51,135","66,112","74,209","84,834","86,298","69,648","69,888","77,146","82,695","81,051","37,101","45,330","36,361","69,080","77,186","84,276","88,935","92,899","96,899","101,350"
Madagascar,348,280,312,332,279,296,369,309,310,293,307,351,335,387,299,335,355,460,562,489,493,553,539,561,549,482,489,528,536,532,477,517,523,530,563,576,607,642,691,728
Malawi,421,524,422,483,278,320,512,583,373,368,353,338,384,345,366,377,401,432,505,571,623,695,506,447,484,498,415,467,501,544,568,581,567,558,464,448,447,456,468,481
Malaysia,"2,586","2,886","3,379","3,717","4,029","4,671","5,176","5,012","3,521","3,763","4,348","4,189","4,442","4,740","5,245","5,678","6,351","7,481","8,766","7,544","9,047","10,398","10,807","10,852","11,165","9,663","9,523","9,965","11,080","11,228","10,400","11,474","12,483","12,091","13,142","14,423","15,256","15,982","16,789","17,592"
Maldives,"1,092","1,185","1,343","1,479","1,591","1,903","2,108","2,554","2,659","2,843","2,967","2,780","2,952","3,691","4,238","3,960","5,269","6,128","7,338","7,451","8,087","8,078","8,720","9,766","10,787","11,839","12,436","13,374","14,762","15,374","9,803","13,637","15,766","16,541","17,287","18,599","19,578","20,531","21,530","22,567"
Mali,360,360,362,354,265,336,337,310,313,315,264,299,327,382,428,474,507,579,678,682,689,810,754,779,819,724,750,795,857,840,831,903,810,866,898,933,970,"1,004","1,040","1,078"
Malta,,,,,,"9,469","9,605","9,648","10,147","10,529","11,055","11,086","11,869","13,755","15,325","15,852","16,748","19,655","22,488","21,319","21,990","23,585","23,029","25,554","27,691","25,795","26,692","30,755","33,973","33,106","31,819","38,232","36,902","41,205","44,140","46,644","48,644","50,375","52,306","54,377"
Marshall Islands,,,,,,,,"2,230","2,241","2,231","2,247","2,427","2,657","2,625","2,634","2,695","2,781","2,905","2,794","2,893","3,043","3,241","3,438","3,596","3,652","3,681","4,144","4,548","4,851","5,275","5,502","6,103","6,119","6,417","6,850","7,151","7,367","7,576","7,801","8,049"
Mauritania,899,"1,002","1,027",853,873,913,904,854,812,773,673,642,635,712,797,963,"1,357","1,425","1,647","1,476","1,716","2,013","1,946","2,072","1,827","1,668","1,691","1,759","1,882","1,945","2,041","2,152","2,207","2,404","2,376","2,394","2,460","2,553","2,691","2,734"
Mauritius,"2,590","2,819","3,133","3,191","3,493","3,955","4,047","3,753","3,752","3,911","4,158","4,081","4,253","5,073","5,702","5,590","5,773","6,663","8,138","7,417","8,108","9,321","9,416","9,767","10,366","9,508","9,968","10,844","11,643","11,408","9,011","9,087","10,251","11,544","12,601","13,099","14,110","15,131","16,216","17,352"
Mexico,"3,640","4,282","4,873","5,933","6,087","4,110","4,597","5,485","5,759","6,436","7,468","7,902","7,935","7,390","7,807","8,626","9,457","10,064","10,438","8,347","9,633","10,554","10,631","11,099","11,272","9,915","9,000","9,543","9,971","10,260","8,742","10,180","11,260","13,641","13,972","13,630","14,175","14,729","15,299","15,860"
Federated States of Micronesia,,,,,,"2,080","2,043","1,924","2,033","2,035","2,146","2,215","2,233","2,270","2,225","2,330","2,367","2,412","2,484","2,657","2,826","2,960","3,108","3,013","3,034","3,015","3,190","3,547","3,933","4,001","3,830","4,063","4,540","4,865","5,120","5,364","5,559","5,720","5,880","6,039"
Moldova,,,290,374,390,485,572,654,576,398,448,506,569,680,894,"1,031","1,179","1,526","2,103","1,891","2,428","2,930","3,031","3,307","3,315","2,716","2,858","3,423","4,121","4,377","4,378","5,293","5,726","6,642","7,368","8,161","9,105","10,215","11,463","12,903"
Mongolia,"1,289","1,325",722,352,419,647,592,512,481,446,473,521,566,639,790,989,"1,322","1,616","2,109","1,688","2,602","3,702","4,281","4,294","4,081","3,800","3,575","3,613","4,078","4,309","3,965","4,483","4,959","5,796","6,666","7,576","7,997","8,562","9,112","9,627"
Montenegro,,,,,,,,,,,"1,597","1,894","2,081","2,746","3,380","3,680","4,430","5,985","7,397","6,746","6,694","7,328","6,595","7,199","7,406","6,534","7,050","7,820","8,873","8,925","7,690","9,439","9,860","11,696","12,802","13,961","14,873","15,597","16,381","17,224"
Morocco,"1,351","1,418","1,454","1,341","1,482","1,601","1,745","1,561","1,644","1,615","1,487","1,490","1,573","1,914","2,163","2,233","2,427","2,760","3,189","3,163","3,135","3,367","3,225","3,464","3,528","3,236","3,235","3,401","3,616","3,623","3,375","3,911","3,571","3,901","4,204","4,471","4,746","5,034","5,335","5,604"
Mozambique,272,289,203,201,198,198,253,297,330,364,335,310,317,341,399,433,451,499,580,536,485,604,671,673,684,599,434,463,510,512,457,504,573,618,645,685,714,739,809,885
Myanmar,,,,,,,,,109,134,159,145,139,177,213,239,266,348,493,593,727,"1,016","1,105","1,176","1,244","1,224","1,164","1,177","1,272","1,302","1,462","1,271","1,146","1,190","1,179","1,187","1,247","1,337","1,437","1,547"
Namibia,"1,909","2,026","2,265","2,099","2,283","2,499","2,434","2,465","2,239","2,179","2,192","1,945","1,811","2,611","3,458","3,748","3,897","4,354","4,181","4,324","5,390","5,842","6,009","5,473","5,449","4,888","4,455","5,211","5,381","4,798","3,938","4,477","4,406","4,216","4,410","4,711","4,900","5,022","5,154","5,297"
Nauru,,,,,,,,,,,,,,,"3,067","3,053","3,145","2,509","3,982","4,631","4,813","6,521","10,005","8,976","8,630","7,091","7,825","8,551","10,582","10,567","10,346","14,303","12,522","12,078","12,285","13,476","13,887","14,249","14,488","14,913"
Nepal,226,241,213,223,227,241,243,259,253,255,266,269,269,281,319,355,389,441,532,543,672,795,794,809,827,882,880,"1,028","1,162","1,186","1,139","1,229","1,348","1,316","1,381","1,486","1,607","1,740","1,886","2,043"
Netherlands,"21,612","22,089","24,226","23,389","24,971","29,394","29,141","26,853","28,057","28,440","26,339","27,056","29,505","35,960","40,652","42,226","45,159","52,182","58,383","53,258","51,473","54,815","50,580","52,681","53,584","45,905","46,937","49,640","54,138","53,755","53,529","60,380","59,541","64,829","67,984","70,606","73,105","75,297","77,530","79,813"
New Zealand,"13,446","12,426","11,751","12,539","14,612","16,932","18,506","18,207","14,889","15,349","14,022","13,669","15,707","20,460","24,849","27,386","26,220","31,914","31,763","28,270","33,393","38,062","39,684","42,081","44,285","38,225","39,415","42,290","42,757","42,274","41,344","48,857","47,328","47,423","47,072","48,234","49,472","50,652","51,984","53,343"
Nicaragua,,,,,898,935,947,940,973,999,"1,031","1,055","1,012","1,010","1,078","1,153","1,225","1,327","1,499","1,438","1,499","1,652","1,728","1,784","1,909","2,029","2,091","2,148","2,008","1,940","1,952","2,163","2,372","2,673","2,878","3,074","3,275","3,489","3,717","3,960"
Niger,435,395,394,343,211,242,244,224,250,232,197,208,227,267,285,321,335,389,477,462,476,511,529,552,563,484,498,518,571,554,569,594,593,621,698,752,794,830,865,903
Nigeria,653,616,522,553,761,"1,225","1,560","1,656","1,803",482,555,583,731,780,963,"1,222","1,563","1,792","2,198","1,927","2,328","2,544","2,756","2,998","3,223","2,719","2,176","1,969","2,153","2,361","2,099","2,089","2,198","1,637",877,835,940,978,"1,040","1,047"
North Macedonia,,,"1,264","1,384","1,824","2,387","2,348","1,980","1,889","1,932","1,878","1,840","1,974","2,441","2,810","3,120","3,440","4,204","5,027","4,799","4,837","5,419","5,053","5,629","5,933","5,264","5,605","5,971","6,720","6,720","6,673","7,625","7,499","8,063","8,659","9,439","10,184","11,017","11,860","12,750"
Norway,"28,187","28,514","30,433","27,881","29,236","34,790","37,225","36,561","34,732","36,301","38,095","38,554","43,084","50,162","57,677","66,924","74,256","85,277","97,120","80,116","87,824","100,816","101,779","103,215","97,303","74,568","70,629","75,940","82,606","76,304","68,275","92,955","108,439","87,703","90,434","90,320","90,233","91,941","93,712","95,646"
Oman,"7,268","6,806","7,213","6,995","7,011","7,285","7,869","7,984","6,921","7,555","9,266","9,088","9,285","9,793","11,043","13,563","15,946","17,716","25,061","19,236","21,678","23,519","24,129","23,328","23,220","18,925","17,020","17,732","19,885","19,069","17,076","19,458","22,689","21,063","20,631","20,230","20,462","20,699","20,929","21,254"
Pakistan,616,684,713,736,723,824,839,808,785,725,733,697,690,772,885,949,"1,032","1,146","1,228","1,109","1,138","1,302","1,378","1,391","1,424","1,535","1,567","1,653","1,698","1,501","1,377","1,566","1,651","1,458","1,588",, , , , 
Palau,,,,,,,,,,,"7,818","8,269","8,369","7,889","8,424","9,326","9,766","10,225","10,581","9,970","10,173","10,978","12,320","12,917","13,954","16,037","17,181","16,433","16,341","15,992","14,697","13,384","14,517","16,014","17,978","20,088","21,808","22,830","23,823","24,811"
Panama,"2,397","2,580","2,872","3,071","3,208","3,213","3,711","3,929","4,174","4,287","4,261","4,244","4,325","4,470","4,808","5,146","5,598","6,350","7,369","7,807","8,333","9,654","11,063","12,273","13,222","14,102","14,867","15,731","16,181","16,526","13,343","15,541","17,410","18,726","19,369","20,092","21,058","22,070","23,132","24,244"
Papua New Guinea,"1,266","1,444","1,547","1,714","1,835","1,582","1,640","1,527","1,138","1,013","1,008",862,815,995,"1,112","1,270","1,412","1,576","1,884","1,833","2,115","2,479","2,797","2,660","2,766","2,467","2,245","2,344","2,367","2,315","2,125","2,216","2,628","2,518","2,544","2,550","2,566","2,590","2,628","2,651"
Paraguay,"1,185","1,585","1,592","1,580","1,681","1,897","2,008","2,004","1,825","1,706","1,676","1,578","1,312","1,378","1,694","1,858","2,285","2,989","4,054","3,624","4,330","5,302","5,153","5,893","6,065","5,360","5,265","5,608","5,703","5,302","4,885","5,433","5,628","5,686","5,869","6,033","6,273","6,529","6,798","7,078"
Peru,"1,286","1,512","1,543","1,469","1,816","2,119","2,163","2,238","2,107","1,873","1,910","1,910","1,998","2,148","2,405","2,678","3,131","3,634","4,287","4,279","5,201","5,928","6,639","6,920","6,881","6,436","6,454","6,992","7,211","7,252","6,328","6,853","7,314","7,913","8,316","8,570","8,819","9,087","9,385","9,709"
Philippines,829,830,947,950,"1,095","1,237","1,316","1,280",988,"1,112","1,087","1,004","1,050","1,063","1,137","1,261","1,471","1,765","2,012","1,924","2,237","2,473","2,721","2,903","2,996","3,039","3,108","3,153","3,280","3,512","3,313","3,580","3,645","3,906","4,154","4,439","4,758","5,096","5,497","5,927"
Poland,"1,629","2,105","2,316","2,352","2,693","3,612","4,066","4,076","4,459","4,348","4,485","4,988","5,206","5,700","6,685","8,024","9,032","11,253","13,999","11,532","12,511","13,777","13,011","13,550","14,183","12,545","12,370","13,820","15,504","15,695","15,793","18,381","18,701","22,086","23,563","25,041","26,537","28,080","29,493","30,949"
Portugal,"7,957","9,026","10,864","9,548","9,978","11,787","12,188","11,595","12,217","12,488","11,531","11,735","12,928","15,794","18,056","18,791","19,840","22,814","24,946","23,126","22,539","23,213","20,577","21,654","22,109","19,252","19,986","21,483","23,573","23,333","22,225","24,839","24,799","27,835","29,341","30,947","32,354","33,641","35,020","36,464"
Puerto Rico,"8,676","9,093","9,687","10,256","10,943","11,668","12,305","12,968","14,430","15,293","16,192","18,244","18,973","19,820","20,989","21,959","22,936","23,665","24,898","25,769","26,436","27,279","27,945","28,513","28,981","29,755","30,586","31,347","31,549","32,852","32,643","33,258","35,490","36,779","37,926","38,515","39,360","40,758","41,964","43,182"
Qatar,"13,150","11,501","13,039","11,797","12,009","13,690","15,143","18,842","15,422","19,690","30,461","28,600","30,701","35,920","42,548","54,358","60,592","65,934","72,485","53,823","69,796","96,828","101,933","99,180","93,054","66,347","57,965","59,128","66,422","63,008","50,962","65,401","80,385","69,541","71,568","72,760","77,492","83,493","86,751","88,857"
Romania,"1,642","1,241",848,"1,147","1,317","1,563","1,565","1,572","1,885","1,601","1,668","1,801","2,108","2,672","3,488","4,609","5,745","8,274","10,446","8,540","8,391","9,547","8,919","9,482","10,025","8,952","9,379","10,717","12,466","12,928","13,022","14,895","15,726","18,425","20,089","21,570","23,066","24,369","25,691","27,102"
Russia,,,482,"1,322","1,979","2,263","2,785","2,932","1,948","1,424","1,898","2,250","2,547","3,191","4,396","5,698","7,416","9,757","12,464","9,160","11,432","14,310","15,285","15,913","13,984","9,232","8,689","10,665","11,183","11,465","10,075","12,520","15,472","13,739","14,953","15,077","15,495","15,930","16,415","16,792"
Rwanda,418,299,317,326,223,245,269,346,338,284,266,249,242,258,278,335,369,442,546,585,613,675,730,728,749,759,754,784,797,836,803,854,"1,005","1,044",986,990,"1,032","1,093","1,168","1,256"
Samoa,,,,,,,,,"1,656","1,509","1,552","1,558","1,639","1,927","2,342","2,704","2,850","3,121","3,734","3,349","3,658","3,969","4,089","4,183","4,153","4,261","4,325","4,496","4,391","4,472","4,308","4,151","4,064","4,478","5,048","5,350","5,551","5,716","5,873","6,097"
San Marino,,,,,,,,,,,,,,,"59,313","61,151","64,499","72,992","79,110","67,012","60,426","57,513","50,336","51,987","51,235","43,069","44,309","45,888","49,477","48,044","45,641","54,733","53,876","58,249","59,841","61,518","63,528","65,184","67,087","69,098"
São Tomé and Príncipe,"1,050",921,789,"1,033","1,059",821,"1,050",701,541,568,551,505,553,648,693,809,840,885,"1,126","1,173","1,090","1,274","1,263","1,439","1,545","1,336","1,470","1,594","1,851","1,954","2,182","2,370","2,405","2,949","3,425","3,933","4,165","4,451","4,738","5,042"
Saudi Arabia,"8,562","9,143","9,243","8,741","8,664","8,957","9,667","9,859","8,513","9,145","10,449","9,898","9,937","11,028","12,891","15,943","17,827","19,196","23,404","18,837","22,028","26,966","28,349","27,290","27,080","22,454","21,516","23,081","28,036","27,893","23,271","28,396","34,454","32,530","32,881","33,287","34,431","35,534","36,763","38,125"
Senegal,936,894,931,853,561,693,707,643,686,690,614,648,681,832,932,993,"1,028","1,198","1,404","1,308","1,273","1,367","1,319","1,373","1,397","1,219","1,270","1,361","1,459","1,436","1,465","1,603","1,570","1,703","1,805","1,972","2,061","2,147","2,271","2,457"
Serbia,,,,,,,,,,"1,588","1,302","1,734","2,291","3,010","3,486","3,695","4,399","5,879","7,087","6,168","5,674","6,810","6,015","6,753","6,599","5,589","5,765","6,293","7,252","7,417","7,734","9,187","9,538","11,352","12,514","13,490","14,572","15,681","16,859","18,143"
Seychelles,"5,303","5,315","6,128","6,559","6,555","6,749","6,583","7,281","7,716","7,747","7,579","7,663","8,432","8,525","10,177","11,093","12,014","12,156","11,480","9,707","10,805","11,647","12,000","14,762","15,190","15,376","16,721","17,738","18,603","19,367","14,236","15,196","20,805","21,455","21,290","22,001","22,874","23,819","24,841","25,886"
Sierra Leone,349,417,363,413,492,471,507,455,357,348,327,363,401,426,430,473,539,576,640,605,651,731,856,981,929,941,822,776,835,834,838,859,857,754,856,883,882,906,944,971
Singapore,"12,763","14,502","16,136","18,290","21,552","24,915","26,233","26,376","21,829","21,797","23,853","21,700","22,160","23,730","27,608","29,961","33,768","39,433","40,009","38,927","47,237","53,891","55,548","56,967","57,565","55,646","56,900","61,162","66,841","66,082","61,467","79,601","88,429","84,734","89,370","93,956","97,632","101,264","104,999","109,058"
Slovakia,,,,"2,572","2,951","3,712","4,005","4,077","4,237","3,869","3,840","3,982","4,627","6,342","8,040","9,142","10,700","14,375","18,075","16,591","16,926","18,527","17,520","18,285","18,734","16,400","16,573","17,592","19,508","19,397","19,541","21,730","21,285","24,468","26,290","28,177","29,706","31,157","32,716","34,232"
Slovenia,,,"9,646","8,364","8,474","10,756","10,792","10,452","11,124","11,458","10,194","10,398","11,666","14,736","17,125","18,023","19,614","23,819","27,610","24,563","23,367","24,969","22,475","23,250","24,030","20,706","21,451","23,300","25,988","25,910","25,451","29,194","28,462","32,673","34,544","36,495","38,218","39,932","41,775","43,740"
Solomon Islands,685,701,803,870,"1,131","1,280","1,353","1,357","1,148","1,193",992,936,767,756,828,964,"1,059","1,186","1,301","1,334","1,492","1,800","1,978","2,090","2,116","2,021","2,081","2,165","2,325","2,278","2,119","2,059","2,077","2,125","2,209","2,300","2,393","2,501","2,613","2,733"
Somalia,,,,,,,,,,,,,,,,,,,,,,,438,482,515,532,559,607,563,602,584,624,653,683,771,819,863,907,951,"1,003"
South Africa,"3,426","3,588","3,803","3,716","3,786","4,145","3,870","3,938","3,508","3,424","3,382","2,964","2,778","4,191","5,393","6,008","6,251","6,752","6,338","6,538","8,118","8,785","8,186","7,432","6,952","6,223","5,721","6,647","6,956","6,583","5,631","6,939","6,629","6,112","6,377","6,517","6,643","6,762","6,873","6,996"
South Sudan,,,,,,,,,,,,,,,,,,,,,,"1,660","1,041","1,337","1,316","1,290",237,143,240,302,394,419,551,478,341,334,434,438,447,469
Spain,"13,711","14,716","16,033","13,426","13,436","15,495","16,157","14,811","15,485","15,791","14,755","15,400","17,102","21,512","24,950","26,460","28,447","32,649","35,577","32,242","30,693","31,823","28,479","29,236","29,719","25,992","26,753","28,395","30,651","29,798","27,214","30,893","30,403","33,896","35,789","37,362","38,707","39,792","40,984","42,274"
Sri Lanka,565,611,651,689,787,829,903,"1,004","1,026","1,026","1,065","1,017","1,062","1,163","1,260","1,478","1,698","1,929","2,411","2,472","2,894","3,320","3,446","3,737","3,970","4,058","4,150","4,401","4,360","4,083","3,846","3,999","3,330",, , , , , , 
Saint Kitts and Nevis,"4,994","4,970","5,448","5,862","6,464","6,874","7,241","8,045","8,277","8,670","9,262","9,963","10,388","10,109","10,883","11,711","13,748","14,661","16,492","16,374","16,428","17,572","17,294","18,316","19,945","20,026","21,079","22,148","22,534","23,205","18,554","18,036","20,593","22,106","24,203","25,514","26,979","28,343","29,707","31,146"
Saint Lucia,"4,070","4,250","4,600","4,605","4,737","5,003","5,120","5,182","5,589","5,821","5,843","5,553","5,558","6,052","6,491","6,862","7,614","7,944","8,462","8,249","8,675","9,113","9,231","9,544","10,006","10,293","10,592","11,281","11,586","11,733","8,365","10,393","12,959","13,358","14,034","14,561","15,147","15,704","16,235","16,785"
Saint Vincent and the Grenadines,"2,456","2,584","2,815","2,896","2,924","3,188","3,341","3,500","3,756","3,923","3,973","4,285","4,518","4,710","5,082","5,354","5,934","6,573","6,740","6,564","6,613","6,545","6,686","6,988","7,028","7,155","7,390","7,643","8,002","8,232","7,810","8,022","8,922","9,758","10,558","11,194","11,719","12,257","12,819","13,407"
Sudan,87,95,113,187,206,240,293,351,367,352,422,493,555,636,773,997,"1,250","1,600","1,701","1,401","1,637","2,034","1,396","1,463","1,628","1,679","1,639","1,199",800,728,795,773,718,796,606,595,694,738,776,807
Suriname,"1,412","1,537","1,405","1,094","1,212","2,272","2,788","2,947","3,493","2,839","2,902","2,466","3,078","3,550","4,034","4,773","5,546","6,123","7,267","7,865","8,734","8,756","9,767","9,937","9,967","9,036","5,762","6,159","6,772","6,716","4,782","4,988","5,784","5,880","7,600","7,545","7,864","8,155","8,323","8,561"
Sweden,"30,079","31,308","32,396","24,316","25,941","30,218","33,010","30,319","30,594","30,957","29,597","27,219","29,905","37,220","42,674","43,292","46,364","53,366","55,596","46,497","52,334","60,166","57,529","60,564","59,270","50,929","51,447","52,971","53,891","51,529","52,523","60,961","55,115","55,433","57,213","59,508","61,700","64,057","66,433","68,908"
Switzerland,"39,843","39,811","40,883","39,376","43,227","50,300","48,182","41,641","42,737","41,771","38,985","39,841","42,667","49,517","54,786","56,402","59,239","65,397","74,670","71,918","76,847","90,953","86,304","87,918","89,274","84,225","82,589","82,601","85,561","84,481","86,139","93,966","94,799","101,510","106,098","111,716","116,005","119,534","123,946","127,709"
Syria,967,972,984,995,"1,061","1,133","1,186","1,081","1,028","1,043","1,203","1,237","1,305","1,209","1,361","1,510","1,726","2,016","2,557","2,557","2,807",, , , , , , , , ,"2,807",, , , , , , , , 
Taiwan,"8,167","9,082","10,716","11,257","12,100","13,066","13,588","13,949","12,767","13,753","14,844","13,357","13,651","14,041","15,290","16,427","16,893","17,724","18,054","16,905","19,181","20,839","21,256","21,945","22,844","22,753","23,071","25,062","25,826","25,903","28,571","33,071","32,610","32,404","33,234","34,924","36,862","38,682","40,172","41,002"
Tajikistan,,,53,122,148,100,183,193,222,178,159,167,188,236,309,337,402,519,702,666,738,835,950,"1,040","1,105",919,801,845,852,893,858,925,"1,067","1,184","1,276","1,367","1,467","1,573","1,681","1,796"
Tanzania,211,238,213,191,196,221,266,308,370,371,380,377,382,401,429,460,491,552,684,701,740,775,868,970,"1,030",949,966,"1,017","1,002","1,044","1,093","1,138","1,206","1,249","1,224","1,272","1,344","1,429","1,522","1,620"
Thailand,"1,564","1,769","1,999","2,209","2,491","2,847","3,044","2,468","1,846","2,033","2,008","1,893","2,096","2,359","2,660","2,893","3,369","3,973","4,378","4,213","5,077","5,493","5,861","6,168","5,952","5,838","5,995","6,594","7,296","7,811","7,171","7,238","7,072","7,336","7,527","7,754","8,093","8,470","8,864","9,271"
Timor-Leste,,,,,,,,,,,421,540,521,534,471,483,462,539,629,689,819,947,"1,031","1,214","1,234","1,333","1,358","1,309","1,265","1,611","1,677","2,764","2,407","1,761","1,454","1,533","1,615","1,700","1,790","1,883"
Togo,715,687,700,537,415,524,551,543,499,487,402,389,436,526,548,539,540,622,736,737,723,803,782,847,877,770,792,813,874,848,877,964,920,"1,001","1,051","1,099","1,159","1,215","1,276","1,341"
Tonga,"1,499","1,751","1,833","1,884","1,948","2,123","2,228","2,264","2,153","2,018","2,067","1,820","1,829","2,015","2,289","2,582","2,865","2,920","3,361","3,040","3,561","4,015","4,153","3,986","3,963","3,927","3,792","4,141","4,330","4,435","4,439","4,577","4,756","5,219","5,483","5,757","6,010","6,242","6,483","6,721"
Trinidad and Tobago,"4,222","4,393","4,474","3,744","4,027","4,322","4,659","4,633","4,873","5,480","6,546","7,046","7,163","8,931","10,442","12,472","14,280","16,766","21,449","14,777","16,957","19,301","20,326","21,208","21,799","19,723","17,221","17,369","17,678","17,044","14,868","17,412","21,253","19,718","19,703","20,376","20,682","21,120","21,705","22,309"
Tunisia,"1,717","1,770","2,070","1,904","1,997","2,262","2,412","2,319","2,407","2,506","2,322","2,365","2,461","2,897","3,265","3,351","3,537","3,964","4,520","4,333","4,343","4,472","4,346","4,420","4,511","4,061","3,890","3,657","3,661","3,556","3,570","3,895","3,677","3,967","4,267","4,396","4,528","4,539","4,551","4,587"
Turkey,"3,738","3,691","3,819","4,262","3,027","3,881","4,099","4,222","4,413","3,980","4,219","3,088","3,586","4,711","5,985","7,331","7,921","9,676","10,946","8,979","10,545","11,214","11,605","12,497","12,097","11,011","10,890","10,630","9,728","9,144","8,576","9,541","10,621","13,236","15,666","16,877","17,049","17,983","18,989","20,088"
Turkmenistan,,,395,"2,207","1,822","2,305",916,"1,016","1,070","1,424","1,833","2,503","3,107","4,039","4,966","5,943","7,321","8,780","7,189","6,671","6,675","8,285","9,206","9,148","9,925","7,794","7,306","7,691","8,128","8,612","8,381","9,608","12,123","11,927","12,713","13,657","14,704","15,877","17,179","18,618"
Tuvalu,,,,,,,,,,,,,"1,742","2,076","2,386","2,350","2,465","2,867","3,188","2,760","3,134","3,779","3,610","3,617","3,605","3,437","3,868","4,312","4,548","5,277","5,162","6,080","6,010","6,695","7,190","7,713","8,120","8,542","8,959","9,381"
Uganda,472,238,216,247,346,402,401,424,402,371,355,348,362,362,431,483,528,634,784,816,809,872,951,965,"1,008",849,827,838,879,952,919,"1,007","1,079","1,123","1,187","1,304","1,450","1,497","1,562","1,671"
Ukraine,,,428,677,741,752,914,"1,038",874,665,664,785,885,"1,056","1,375","1,840","2,319","3,101","3,945","2,557","2,983","3,587","3,874","4,051","3,120","2,135","2,201","2,654","3,119","3,693","3,780","4,875","4,662","5,241","5,505","5,759","6,067","6,412","6,802","7,238"
United Arab Emirates,"27,485","25,577","25,834","25,033","25,737","26,309","29,821","29,910","26,572","27,834","34,386","32,621","32,791","35,017","39,301","43,984","44,314","41,467","39,073","30,920","36,325","42,987","45,108","46,207","47,064","41,423","40,483","41,972","45,592","43,982","37,649","43,439","48,897","48,141","49,550","51,294","53,889","56,613","59,477","62,519"
United Kingdom,"20,913","21,738","22,394","20,015","21,460","23,171","24,433","26,773","28,283","28,768","28,338","27,917","30,127","34,480","40,411","42,144","44,590","50,420","47,884","38,892","39,642","42,107","42,502","43,470","47,468","44,979","41,115","40,618","43,275","42,713","40,231","46,731","46,103","49,648","52,423","54,280","56,144","58,125","60,332","62,753"
United States,"23,848","24,303","25,393","26,364","27,674","28,671","29,947","31,440","32,834","34,496","36,313","37,101","37,946","39,405","41,642","44,034","46,217","47,943","48,471","47,102","48,586","50,008","51,737","53,364","55,264","57,007","58,180","60,293","63,165","65,561","64,462","71,258","77,980","82,715","86,601","89,678","92,786","96,070","99,468","102,987"
Uruguay,"3,588","4,299","4,911","5,684","6,558","7,207","7,613","7,960","8,365","7,848","7,432","6,804","4,441","3,942","4,477","5,663","6,377","7,623","9,857","10,232","12,944","15,341","16,325","18,272","18,110","16,792","16,545","18,627","18,645","17,686","15,199","17,150","19,737","21,657","23,053","24,080","25,121","26,253","27,480","28,735"
Uzbekistan,,,210,316,367,562,755,772,773,869,702,588,482,499,585,689,811,"1,049","1,325","1,523","1,777","2,068","2,285","2,440","2,651","2,761","2,713","2,170","1,797","2,024","1,960","2,238","2,555","2,820","3,051","3,379","3,669","3,955","4,275","4,635"
Vanuatu,"1,141","1,333","1,358","1,277","1,423","1,480","1,512","1,538","1,441","1,436","1,422","1,317","1,313","1,542","1,743","1,825","1,985","2,309","2,541","2,520","2,719","3,008","2,935","2,940","2,948","2,772","2,844","3,159","3,256","3,187","3,341","2,952","3,219","3,365","3,387","3,401","3,426","3,464","3,486","3,508"
Venezuela,"2,493","2,685","2,968","2,876","2,742","3,560","3,175","3,779","3,970","4,133","4,821","4,964","3,778","3,266","4,312","5,422","6,647","8,538","11,079","9,558","11,158","10,934","12,688","8,693","7,107","4,097","3,676","3,807","3,530","2,624","1,567","2,090","3,422","3,738","4,019","4,122",, , , 
Vietnam,122,141,179,235,286,359,419,449,448,465,499,513,547,610,757,873,996,"1,152","1,447","1,481","1,628","1,950","2,198","2,370","2,567","2,582","2,720","2,958","3,216","3,439","3,549","3,757","4,102","4,324","4,649","4,986","5,326","5,685","6,056","6,425"
Palestine,,,,,"1,227","1,322","1,296","1,351","1,417","1,442","1,413","1,276","1,103","1,197","1,351","1,461","1,481","1,564","1,913","2,062","2,406","2,712","2,889","3,123","3,159","3,084","3,326","3,407","3,353","3,443","3,045","3,464","3,579","3,181",, , , , , 
Yemen,964,"1,076","1,268","1,478","1,835",808,397,406,364,428,527,522,551,591,678,796,881,971,"1,171","1,061","1,268","1,304","1,370","1,519","1,580","1,508","1,084",905,710,702,633,594,706,552,465,455,500,566,604,633
Zambia,542,475,452,432,432,437,404,471,378,354,364,380,399,452,556,720,"1,066","1,134","1,394","1,151","1,469","1,644","1,730","1,841","1,725","1,308","1,250","1,496","1,475","1,268",958,"1,135","1,455","1,369","1,226","1,466","1,652","1,799","1,895","1,987"
Zimbabwe,"1,037",936,749,702,714,717,850,881,"1,029","1,004",970,964,923,822,807,765,678,647,553,790,976,"1,132","1,310","1,422","1,415","1,418","1,430","1,503","2,467","1,705","1,725","2,265","2,004","2,119","2,114","2,127","2,098","2,102","2,093","2,083"
